<application>
  <component name="FileTypeManager" version="17">
    <ignoreFiles list="*.hprof;*.iml;*.pyc;*.pyo;*.rbc;*.yarb;*~;.DS_Store;.git;.hg;.idea;.svn;CVS;__pycache__;_svn;vssver.scc;vssver2.scc;" />
    <extensionMap>
      <mapping ext="java___jb_tmp___" type="CLASS" />
      <mapping pattern="*.js.flow" type="Flow" />
      <mapping pattern="*.js.flow" type="Flow" />
      <mapping pattern="汇桔网" type="PLAIN_TEXT" />
      <mapping pattern="文娱数据库" type="PLAIN_TEXT" />
      <mapping pattern="康泽器械" type="PLAIN_TEXT" />
    </extensionMap>
  </component>
</application>