<application>
  <component name="GeneralSettings">
    <option name="confirmExit" value="false" />
    <option name="showTipsOnStartup" value="false" />
  </component>
  <component name="Registry">
    <entry key="compiler.automake.allow.when.app.running" value="true" />
    <entry key="compiler.automake.trigger.delay" value="100" />
    <entry key="compiler.document.save.trigger.delay" value="100" />
    <entry key="SBT.system.in.process" value="true" />
    <entry key="BSP.system.in.process" value="true" />
  </component>
</application>