<keymap version="1" name="Eclipse copy 1" parent="Eclipse">
  <action id="ClassNameCompletion">
    <keyboard-shortcut first-keystroke="alt slash" />
  </action>
  <action id="CodeCompletion" />
  <action id="Console.Execute" />
  <action id="Console.TableResult.EditValue">
    <keyboard-shortcut first-keystroke="f2" />
    <keyboard-shortcut first-keystroke="alt enter" />
  </action>
  <action id="DirDiffMenu.SynchronizeDiff" />
  <action id="EditorChooseLookupItem" />
  <action id="EditorEnter" />
  <action id="HippieCompletion" />
  <action id="Images.Thumbnails.EnterAction" />
  <action id="NextTemplateVariable">
    <keyboard-shortcut first-keystroke="tab" />
  </action>
  <action id="PropertyInspectorActions.EditValue" />
  <action id="ReformatCode">
    <keyboard-shortcut first-keystroke="shift ctrl f" />
  </action>
</keymap>